{
  "703_CER001": [
    [
      37.417658,
      -121.935218
    ],
    [
      37.416902,
      -121.934948
    ],
    [
      37.41712,
      -121.934079
    ],
    [
      37.417257,
      -121.933578
    ],
    [
      37.418011,
      -121.93384
    ],
    [
      37.417658,
      -121.935218
    ]
  ],
  "703_CHA003": [
    [
      37.307141,
      -121.854001
    ],
    [
      37.306796,
      -121.854797
    ],
    [
      37.306771,
      -121.854936
    ],
    [
      37.306803,
      -121.855077
    ],
    [
      37.30748,
      -121.855711
    ],
    [
      37.307775,
      -121.855837
    ],
    [
      37.308206,
      -121.856271
    ],
    [
      37.308305,
      -121.856316
    ],
    [
      37.308529,
      -121.856393
    ],
    [
      37.308706,
      -121.856473
    ],
    [
      37.308757,
      -121.856489
    ],
    [
      37.308818,
      -121.85648
    ],
    [
      37.309096,
      -121.856107
    ],
    [
      37.309146,
      -121.856018
    ],
    [
      37.309156,
      -121.855913
    ],
    [
      37.309136,
      -121.855818
    ],
    [
      37.308891,
      -121.855538
    ],
    [
      37.308205,
      -121.854803
    ],
    [
      37.307808,
      -121.854402
    ],
    [
      37.307333,
      -121.853861
    ],
    [
      37.307282,
      -121.853842
    ],
    [
      37.307219,
      -121.853874
    ],
    [
      37.307141,
      -121.854001
    ]
  ],
  "703_LRTEST": [
    [
      37.353765,
      -121.908887
    ],
    [
      37.353873,
      -121.908671
    ],
    [
      37.35398,
      -121.908478
    ],
    [
      37.354052,
      -121.908307
    ],
    [
      37.354142,
      -121.908068
    ],
    [
      37.354223,
      -121.907921
    ],
    [
      37.354339,
      -121.907875
    ],
    [
      37.354491,
      -121.907796
    ],
    [
      37.354687,
      -121.907683
    ],
    [
      37.354969,
      -121.907616
    ],
    [
      37.355414,
      -121.907403
    ],
    [
      37.355621,
      -121.907317
    ],
    [
      37.355713,
      -121.907313
    ],
    [
      37.355965,
      -121.90729
    ],
    [
      37.35609,
      -121.907268
    ],
    [
      37.356179,
      -121.907371
    ],
    [
      37.356223,
      -121.907474
    ],
    [
      37.356294,
      -121.907736
    ],
    [
      37.356275,
      -121.90785
    ],
    [
      37.356248,
      -121.90801
    ],
    [
      37.356203,
      -121.908124
    ],
    [
      37.356105,
      -121.908248
    ],
    [
      37.355899,
      -121.908441
    ],
    [
      37.355666,
      -121.908668
    ],
    [
      37.35546,
      -121.908918
    ],
    [
      37.355201,
      -121.909156
    ],
    [
      37.355004,
      -121.909326
    ],
    [
      37.354816,
      -121.909542
    ],
    [
      37.3547,
      -121.909689
    ],
    [
      37.354583,
      -121.909803
    ],
    [
      37.354458,
      -121.909859
    ],
    [
      37.354226,
      -121.909869
    ],
    [
      37.354026,
      -121.909909
    ],
    [
      37.353946,
      -121.909941
    ],
    [
      37.353372,
      -121.910183
    ],
    [
      37.353325,
      -121.910183
    ],
    [
      37.353235,
      -121.910127
    ],
    [
      37.353172,
      -121.910092
    ],
    [
      37.353119,
      -121.910012
    ],
    [
      37.353084,
      -121.90991
    ],
    [
      37.353048,
      -121.909807
    ],
    [
      37.353049,
      -121.90967
    ],
    [
      37.35312,
      -121.909556
    ],
    [
      37.353138,
      -121.909522
    ]
  ],
  "703_NOR002": [
    [
      37.41337,
      -122.075901
    ],
    [
      37.413379,
      -122.076125
    ],
    [
      37.41339,
      -122.076262
    ],
    [
      37.413421,
      -122.076483
    ],
    [
      37.41347,
      -122.076787
    ],
    [
      37.413521,
      -122.077091
    ],
    [
      37.413564,
      -122.077327
    ],
    [
      37.413578,
      -122.077411
    ],
    [
      37.413705,
      -122.078074
    ],
    [
      37.413756,
      -122.078074
    ],
    [
      37.414473,
      -122.07807
    ],
    [
      37.415555,
      -122.078064
    ],
    [
      37.415454,
      -122.075655
    ],
    [
      37.413357,
      -122.075657
    ],
    [
      37.413339,
      -122.075316
    ],
    [
      37.413319,
      -122.074909
    ],
    [
      37.413313,
      -122.074718
    ],
    [
      37.412748,
      -122.07475
    ]
  ]
}